##CADD GRCh37-v1.4 (c) University of Washington, Hudson-Alpha Institute for Biotechnology and Berlin Institute of Health 2013-2018. All rights reserved.
#CHROM	POS	REF	ALT	RawScore	PHRED
1	931393	G	T	0.864400	12.34
1	935222	C	A	0.211401	6.009
1	1277533	T	C	0.285097	7.018
1	1284490	G	A	0.661004	10.78
1	1571850	G	A	0.012441	2.815
1	1572579	A	G	-0.344882	0.267
1	1575616	T	C	-0.462481	0.115
1	1575784	C	T	3.230246	24.2
1	1577180	C	T	0.538716	9.734
1	1635004	T	C	1.079833	13.77
1	1635749	C	A	0.425532	8.657
1	1636044	G	A	1.453702	15.61
1	1638994	C	T	2.543230	22.7
1	1647778	C	G	0.057045	3.546
1	1647814	T	C	0.612962	10.38
1	1647871	T	C	-0.397811	0.184
1	1650787	T	C	2.207335	21.4
1	1650797	ATTTT	GTTTC	2.371121	22.2
1	1650807	T	C	1.545367	16.01
1	1650832	A	G	1.837185	17.74
1	1650845	G	A	4.282170	32
1	1653004	T	C	-0.168403	0.883
1	1653028	C	T	0.040283	3.266
1	1654136	AT	T	-0.203008	0.701
1	2160735	T	A	4.186199	31
1	2164935	G	T	0.080007	3.933
1	2488153	A	G	0.659769	10.77
1	2489247	C	G	1.689714	16.73
1	2985885	C	G	1.153304	14.19
1	3301721	C	T	-0.353485	0.251
1	3328358	T	C	1.594068	16.24
1	3328659	C	T	2.891897	23.4
1	3329384	C	T	0.096156	4.203
1	3350221	TGT	T	0.143376	4.973
1	6184092	A	G	1.966088	18.88
1	6184740	A	GA	1.535395	15.97
1	6196869	A	G	0.654233	10.72
1	6209068	TCCT	T	1.990681	19.12
1	6209363	T	C	1.349676	15.15
1	6211183	G	A	0.475902	9.156
1	6219487	TTCT	T	1.954624	18.77
1	6228302	AG	G	2.449644	22.4
1	6475586	TC	GA	0.197956	5.812
1	6475604	G	A	0.165220	5.314
1	6475686	C	T	-0.053623	1.893
1	6481842	A	G	-0.107975	1.328
1	6947717	C	T	1.844318	17.79
1	7723588	C	T	0.241819	6.440
1	7723957	G	A	0.383401	8.208
1	7737799	A	G	0.491342	9.303
1	7797043	G	A	3.882233	27.0
1	7811336	AT	T	5.320840	35
1	9782556	C	T	-0.106942	1.337
1	10318744	C	A	0.460675	9.009
1	10363203	GA	TT	1.993188	19.14
1	10363209	G	T	2.782404	23.2
1	10435457	TTGT	T	-0.027110	2.232
1	11167473	T	G	0.741486	11.41
1	11181327	C	T	0.726205	11.30
1	11187893	T	C	0.287320	7.047
1	11190646	G	A	0.493494	9.323
1	11190687	C	T	1.740577	17.04
1	11205058	C	T	1.446230	15.58
1	11259386	G	A	2.275112	21.9
1	11288758	G	A	1.623594	16.38
1	11301714	A	G	0.522329	9.588
1	11917340	C	T	-0.024091	2.274
1	11917628	T	AT	0.376496	8.132
1	11919271	A	G	0.024935	3.015
1	14068537	C	T	4.065577	28.7
1	14105104	GAGG	G	1.426620	15.49
1	14105263	AC	C	1.292178	14.88
1	14105605	A	G	0.150518	5.086
1	14106398	C	CTCC	1.847059	17.82
1	14107209	T	C	0.655941	10.74
1	14107256	T	C	3.502571	25.1
1	14107932	C	T	0.538296	9.731
1	14108568	T	AT	5.884871	35
1	14143003	A	G	-0.096344	1.435
1	16237586	G	TG	1.482445	15.73
1	16248740	A	T	0.065856	3.694
1	16255152	GAC	C	4.714849	34
1	16258731	A	G	1.009953	13.35
1	16262465	A	C	0.072870	3.812
1	16262471	A	C	-0.438759	0.137
1	16262538	G	A	4.068355	28.7
1	16464673	G	A	0.672910	10.87
1	16474995	G	A	2.599616	22.8
1	16475189	G	A	0.452828	8.932
1	17354395	GAAA	A	0.368273	8.039
1	17380497	G	T	0.535124	9.702
1	19027239	A	G	-0.287197	0.398
1	22388891	G	C	0.185324	5.622
1	22459170	G	A	0.936848	12.86
1	22919904	C	T	1.207811	14.47
1	22922560	G	A	-0.203030	0.701
1	22923789	T	C	0.211272	6.007
1	22927314	A	G	0.154768	5.152
1	22927326	T	G	0.044254	3.332
1	22928265	A	G	-0.193907	0.745
1	23219493	T	C	0.903642	12.62
1	23346126	GCGG	G	2.465842	22.5
1	23397837	G	A	1.931907	18.55
1	23399932	C	T	0.291854	7.107
1	23405608	C	T	4.222171	31
1	23885498	T	C	0.279282	6.941
1	23885599	T	C	0.388627	8.265
1	23886849	A	CA	0.060630	3.606
1	23886935	T	G	0.462149	9.023
1	23954292	C	T	0.085423	4.024
1	24460797	T	G	-0.240645	0.545
1	24485518	T	C	-0.375886	0.215
1	24485941	T	C	0.027835	3.062
1	24513768	G	A	0.425297	8.654
1	25234555	A	G	-0.528101	0.071
1	25291010	A	T	3.523038	25.2
1	26349545	CCTC	C	1.910119	18.36
1	26357656	C	A	2.436786	22.4
1	26507394	G	A	-0.242265	0.539
1	26511139	G	A	-0.100376	1.397
1	26514921	T	A	0.285054	7.017
1	26515956	C	A	0.136989	4.871
1	27023460	GCGG	G	2.356497	22.2
1	27089757	G	A	2.636140	22.9
1	27100203	GCAA	A	2.199884	21.3
1	27105937	GA	A	5.313105	35
1	27688633	G	A	0.927300	12.79
1	36935329	GC	C	2.483014	22.5
1	36937059	A	G	-0.282435	0.411
1	36937065	A	G	-0.146525	1.023
1	36937878	C	T	0.250674	6.561
1	37948912	C	T	0.053178	3.481
1	37949052	G	A	1.153629	14.19
1	40363054	G	C	2.062183	19.85
1	43771017	AA	A	1.531792	15.95
1	43779564	T	C	-0.440675	0.135
1	43804340	G	A	1.162415	14.24
1	44010737	A	T	1.455371	15.62
1	44071037	G	A	-0.344227	0.268
1	44071296	A	G	1.075737	13.75
1	44400532	T	A	0.188320	5.668
1	44401384	A	G	1.155877	14.20
1	44403489	G	T	0.462442	9.026
1	45294261	C	T	-0.329701	0.297
1	45796269	G	C	0.054043	3.496
1	45797505	C	G	0.994909	13.25
1	45798458	G	A	2.174357	21.1
1	45798555	T	C	-0.101360	1.388
1	46476587	T	G	0.906287	12.64
1	46493460	T	G	1.994171	19.15
1	46494565	TG	G	4.663706	34
1	46496709	A	G	-0.142782	1.049
1	46498353	G	A	4.098264	29.0
1	46498375	A	G	0.682961	10.95
1	46499526	A	G	2.386057	22.3
1	46500251	G	A	3.562766	25.3
1	46500993	A	G	0.810497	11.94
1	46521517	G	A	0.640209	10.61
1	46521559	A	T	1.701774	16.80
1	46527752	GAG	AAA	0.102235	4.305
1	46527760	G	A	-0.057663	1.845
1	47682017	TAC	GAG	1.222853	14.55
1	47682046	G	TG	1.238531	14.62
1	47685455	T	C	0.278816	6.935
1	47685575	T	C	0.220427	6.138
1	47691577	CAGAC	C	2.068534	19.92
1	47693377	T	C	0.504540	9.425
1	47799639	G	C	0.603758	10.30
1	47803739	A	G	0.162437	5.271
1	47842431	G	A	0.879481	12.45
1	51437269	C	TC	0.173610	5.443
1	54060016	G	C	0.567400	9.986
1	54060248	T	C	0.776590	11.68
1	55505571	CTGC	C	1.140354	14.12
1	55505651	C	T	1.060324	13.66
1	55505732	A	G	0.667186	10.83
1	55523033	A	G	0.603295	10.30
1	55524197	A	G	0.400412	8.393
1	55524237	G	A	-1.113028	0.002
1	55529187	G	A	0.063610	3.657
1	59246115	T	G	0.713070	11.19
1	59247933	TC	C	5.627191	35
1	59248136	GCTG	G	2.067124	19.90
1	59248813	G	C	1.355197	15.17
1	59249031	T	G	0.805149	11.90
1	59250418	C	G	1.233192	14.60
1	59250452	A	G	0.363499	7.985
1	59252162	T	C	0.554213	9.871
1	60366750	G	A	3.439465	24.9
1	61553801	C	G	-0.177018	0.833
1	61872228	CCA	A	-0.137786	1.086
1	64515379	C	T	-0.338302	0.280
1	64608329	G	T	1.312336	14.98
1	64624842	A	G	1.209170	14.48
1	65307005	C	TC	4.968971	35
1	65307227	C	T	4.167215	29.8
1	65310489	T	C	-0.263077	0.468
1	65321388	G	A	-0.140423	1.066
1	65325970	C	T	-0.228268	0.592
1	66036501	G	T	0.170425	5.395
1	66058440	C	T	1.484979	15.75
1	66067396	T	C	0.165027	5.311
1	67633812	G	T	0.796961	11.84
1	67685387	T	C	1.103091	13.91
1	67705958	G	A	3.819580	26.5
1	67795319	T	C	-0.338958	0.278
1	67845649	TTCCTT	T	0.879705	12.45
1	67861376	AG	G	2.654595	22.9
1	67861520	C	A	-0.427042	0.149
1	68513484	C	T	-0.057864	1.843
1	68516435	T	C	0.236628	6.367
1	68532775	T	C	0.306250	7.295
1	76262875	AGCC	C	1.847477	17.82
1	76269460	G	A	-0.043940	2.012
1	76313962	G	A	4.472559	33
1	76344011	C	A	-0.052205	1.910
1	76344711	A	T	0.657887	10.75
1	76346921	G	ATG	1.553056	16.05
1	78414329	G	A	0.975395	13.12
1	78432658	A	T	-0.098099	1.418
1	78432659	T	AT	-0.371042	0.222
1	78432659	T	TT	-0.371042	0.222
1	78435713	AG	G	-0.666683	0.025
1	82302600	T	C	1.631700	16.42
1	82421596	C	T	0.694990	11.05
1	84640691	T	G	1.157792	14.21
1	85732065	A	G	-0.335642	0.285
1	85736457	T	C	3.227320	24.2
1	85741734	A	T	0.266031	6.767
1	85741968	G	C	0.370284	8.062
1	85742023	C	A	2.288190	21.9
1	85742157	G	C	0.667972	10.83
1	85746754	T	C	-0.011776	2.448
1	89449390	T	C	1.519385	15.90
1	89449399	T	C	1.666965	16.60
1	89449519	TG	G	0.584643	10.14
1	92428495	C	A	0.833741	12.12
1	92447246	AGCT	T	2.008366	19.29
1	92457843	C	T	0.081592	3.959
1	92944351	A	AGAGAGA	-0.109064	1.318
1	92946479	G	A	0.529942	9.656
1	93297614	G	T	0.896912	12.58
1	98348885	G	A	2.814293	23.2
1	100818464	T	C	1.306201	14.95
1	100819434	C	TC	0.148276	5.050
1	100843084	G	T	0.078620	3.909
1	100843090	CTTG	TTTT	0.077700	3.894
1	100889844	T	CT	4.883659	34
1	100921063	C	TC	0.476619	9.163
1	100949860	G	A	0.716371	11.22
1	107596443	A	G	0.205276	5.919
1	107597961	T	C	0.209766	5.985
1	107597988	C	T	0.087125	4.052
1	107600869	G	A	-0.079728	1.601
1	107605611	G	T	0.078807	3.912
1	108160272	AT	T	-0.420044	0.157
1	108307727	T	A	1.583003	16.18
1	108313258	C	T	1.336563	15.09
1	108319938	C	A	-0.052937	1.901
1	110456866	C	A	0.743821	11.43
1	110458234	G	A	-0.117577	1.245
1	110466338	C	A	-0.222707	0.615
1	110466466	T	C	-0.482476	0.100
1	110466709	T	C	0.884555	12.49
1	110466810	C	A	1.102769	13.91
1	110467745	A	G	0.184877	5.616
1	110882444	A	G	2.432729	22.4
1	110883569	A	T	1.714515	16.87
1	110888914	TC	C	1.196479	14.41
1	113059035	G	A	4.405023	33
1	113063125	A	G	2.120950	20.6
1	114940644	AG	G	1.902523	18.29
1	114948281	A	G	1.748202	17.08
1	114968128	TGTA	A	1.646750	16.49
1	115251292	TG	AA	0.062785	3.643
1	115257521	C	T	-0.087483	1.522
1	115826112	G	A	-0.303403	0.356
1	115826155	T	A	-0.379630	0.209
1	115828731	CAG	G	4.988779	35
1	115829313	G	A	2.646169	22.9
1	115834522	C	G	0.207147	5.947
1	115837709	A	G	0.195249	5.772
1	117690272	G	A	0.064446	3.671
1	120051446	G	A	-0.319145	0.319
1	120057158	C	T	0.116177	4.535
1	120059500	G	A	0.034797	3.176
1	120285546	G	A	-0.281512	0.413
1	120460323	TC	C	4.825923	34
1	120510195	G	A	0.112800	4.479
1	120572547	T	C	2.898561	23.4
1	120572572	C	T	1.821147	17.61
1	120611964	G	C	2.196626	21.3
1	120612006	G	A	1.456728	15.62
1	121115326	G	A	-0.255637	0.493
1	121115402	A	G	0.261362	6.705
1	121115981	C	T	0.715191	11.21
1	121124501	C	A	0.093199	4.154
1	121124514	G	A	0.088179	4.070
1	121125258	T	C	0.027152	3.051
1	121125282	G	A	-0.048816	1.951
1	145273302	A	G	0.850359	12.24
1	145273345	T	C	1.886102	18.14
1	145273431	A	G	0.643562	10.63
1	145273473	T	C	0.373330	8.096
1	145281362	CC	C	0.595303	10.23
1	145281408	C	T	3.714673	26.0
1	145281543	C	T	3.132715	23.9
1	145281613	C	A	1.791495	17.39
1	145281633	C	A	3.371180	24.6
1	145281656	A	T	3.245594	24.3
1	146501300	C	T	-0.077504	1.624
1	146501334	T	C	0.490899	9.298
1	146501348	C	T	0.147485	5.038
1	146504890	C	T	-0.107125	1.336
1	146504929	C	T	0.465221	9.053
1	146504960	C	T	-0.129583	1.148
1	146512805	A	G	0.570269	10.02
1	146512899	G	A	0.642477	10.63
1	146522606	T	C	0.806042	11.91
1	146522686	C	T	0.565304	9.967
1	146522722	T	C	0.681082	10.94
1	146714281	C	G	0.008757	2.757
1	146714392	G	C	0.476448	9.162
1	146728149	A	G	0.013104	2.826
1	146728164	C	AC	-0.393604	0.189
1	146737582	C	TC	0.037851	3.226
1	146739191	TT	T	0.018253	2.907
1	146747153	T	C	0.081309	3.955
1	146751782	A	C	0.759422	11.55
1	146766070	G	ATG	0.602559	10.29
1	146767149	G	T	0.307474	7.311
1	147084715	T	C	0.941739	12.89
1	147092687	CT	T	3.737916	26.1
1	150237624	G	A	0.364974	8.002
1	150551327	G	A	2.711067	23.0
1	150551501	TCCT	T	2.485116	22.5
1	150552023	CGCC	C	0.535416	9.705
1	150722844	A	G	0.022758	2.980
1	150727539	G	A	2.330977	22.1
1	150737090	C	T	0.279849	6.949
1	150789953	T	AT	-0.259611	0.480
1	150799112	A	C	-0.040401	2.057
1	150804418	T	AT	-0.024904	2.262
1	150808889	C	G	1.441046	15.55
1	150912422	C	T	2.664724	22.9
1	151028929	C	T	-0.025704	2.251
1	151031476	T	A	0.365751	8.011
1	151040435	G	A	-0.128308	1.158
1	151040483	TG	G	0.031391	3.120
1	151040510	C	TC	0.057951	3.561
1	151239051	T	C	-0.523627	0.074
1	151372131	G	A	2.066487	19.90
1	151372138	G	A	0.457937	8.982
1	152276149	C	T	0.267252	6.783
1	152276282	C	G	0.741385	11.41
1	152276459	C	T	2.717780	23.0
1	152276583	C	G	0.215624	6.069
1	152276598	G	A	-0.466483	0.112
1	152276626	G	C	-0.171917	0.862
1	152276671	C	T	-0.295027	0.377
1	152276699	A	G	0.031829	3.127
1	152276761	TT	CA	0.979199	13.14
1	152276772	C	A	0.535565	9.706
1	152276871	A	G	-0.162761	0.917
1	152276889	A	G	0.103727	4.329
1	152277055	C	G	0.586446	10.16
1	152277168	A	G	-0.170864	0.868
1	152277345	C	T	0.027494	3.056
1	152277396	T	C	-0.449121	0.127
1	152277554	G	A	1.446106	15.58
1	152277717	C	A	-0.344040	0.269
1	152277822	TGACA	CGACC	0.551531	9.847
1	152278049	A	C	0.185948	5.632
1	152278555	T	C	0.598917	10.26
1	152278689	C	A	-0.375093	0.216
1	152278814	C	T	-0.174744	0.846
1	152278856	T	G	0.921856	12.75
1	152279019	G	A	-0.366673	0.229
1	152279729	C	T	0.394701	8.331
1	152279841	G	C	-0.344029	0.269
1	152279920	A	G	-0.302367	0.358
1	152279964	C	T	-0.473793	0.106
1	152280032	T	C	0.315944	7.419
1	152280170	C	G	-0.241101	0.543
1	152280347	C	T	2.628798	22.8
1	152280471	C	G	-0.419150	0.158
1	152280559	T	C	-0.234245	0.569
1	152280759	A	G	-0.210866	0.665
1	152280782	A	G	-0.368270	0.227
1	152280788	T	G	0.205137	5.917
1	152280864	A	G	-0.336397	0.283
1	152280900	T	G	-0.356899	0.246
1	152280972	T	C	-0.423416	0.153
1	152281007	AA	GG	0.312783	7.378
1	152281039	G	A	-0.531137	0.070
1	152281228	C	G	1.102669	13.91
1	152281290	A	G	-0.501480	0.087
1	152281304	A	C	1.245091	14.66
1	152281317	G	T	0.550996	9.843
1	152281479	G	T	-0.672808	0.024
1	152281523	A	C	0.524921	9.611
1	152281534	A	T	-0.016572	2.379
1	152281690	C	T	-0.458029	0.119
1	152281691	G	A	1.880490	18.10
1	152281745	G	T	0.407280	8.466
1	152281907	ACCCT	GCCCC	0.485314	9.246
1	152281948	G	A	0.287792	7.053
1	152282092	T	C	1.186878	14.36
1	152282267	G	A	1.977471	18.99
1	152282311	C	T	0.752992	11.50
1	152282794	G	A	0.654789	10.73
1	152282910	G	C	-0.507497	0.083
1	152282917	G	T	1.017084	13.39
1	152282952	A	G	-0.664376	0.025
1	152283283	C	T	-0.414698	0.163
1	152283862	G	C	-0.632079	0.033
1	152283975	A	G	-0.660046	0.026
1	152284424	G	C	-0.698539	0.019
1	152284854	A	G	-0.241852	0.541
1	152284996	C	T	-0.003065	2.577
1	152285099	C	T	1.278944	14.82
1	152285181	G	T	-0.719810	0.016
1	152285930	G	A	-0.297257	0.371
1	152286002	T	C	-0.421319	0.155
1	152286032	C	T	0.810718	11.94
1	152286204	G	T	-0.231543	0.579
1	152286254	C	T	0.416847	8.567
1	152286367	C	A	1.654389	16.53
1	152286893	C	TC	1.092249	13.85
1	153660521	CA	A	0.899384	12.59
1	153665921	C	CC	0.143243	4.971
1	153920564	A	G	1.397099	15.36
1	153925264	C	A	0.146000	5.014
1	153926078	T	C	1.728018	16.96
1	153941514	C	T	3.143957	24.0
1	153941567	C	G	1.235419	14.61
1	154245876	GAAG	G	0.990606	13.22
1	154378156	A	G	0.910866	12.68
1	154426970	A	C	1.538694	15.98
1	154437896	T	C	-0.350743	0.256
1	154942773	C	T	2.721040	23.0
1	154987526	C	T	1.773158	17.25
1	154988957	A	G	0.244965	6.483
1	155330251	TTG	G	0.115793	4.528
1	155330253	G	TG	0.012666	2.819
1	155330253	G	TTG	0.008811	2.758
1	155340787	G	AG	0.673545	10.88
1	155408635	T	C	1.408895	15.41
1	155450535	A	TA	4.441695	33
1	155870361	AG	G	3.338026	24.5
1	155870416	G	A	0.327981	7.568
1	155880573	C	G	0.177496	5.503
1	156030820	C	A	0.328676	7.576
1	156040310	A	G	0.449030	8.894
1	156275281	G	A	-0.200246	0.714
1	156278200	C	TC	-0.372132	0.221
1	156499969	T	C	1.970361	18.92
1	156500128	T	C	-0.034149	2.138
1	156505061	C	T	-0.236973	0.559
1	156518379	G	A	0.855376	12.27
1	156518556	G	A	0.021582	2.961
1	156524221	G	T	0.918156	12.73
1	156526387	C	G	3.356982	24.6
1	156526444	T	C	1.952041	18.74
1	156531804	AT	T	-0.577152	0.049
1	156532344	T	G	0.257638	6.655
1	156532908	C	A	-0.037780	2.090
1	156532977	T	C	0.702460	11.11
1	156536221	G	C	0.732934	11.35
1	156536251	T	C	0.809898	11.94
1	156536353	A	G	-0.078396	1.615
1	156539154	T	C	-0.267595	0.454
1	156713512	C	T	1.172636	14.29
1	156713558	G	A	2.077675	20.1
1	156715112	G	AG	4.478505	33
1	156752048	C	G	0.177250	5.499
1	156761544	A	CA	4.988289	35
1	156785617	G	A	-0.065409	1.756
1	156810762	CG	G	2.886798	23.4
1	156845529	A	GTGTA	0.035611	3.189
1	156848995	C	T	0.301237	7.230
1	156863532	T	C	0.812368	11.96
1	156863617	G	T	0.816327	11.99
1	156875097	G	A	-0.437819	0.138
1	156875107	C	A	0.074018	3.832
1	156877457	T	C	2.141407	20.8
1	156878420	GC	AT	0.415720	8.555
1	156883493	G	A	1.316178	14.99
1	156883546	A	G	0.126018	4.695
1	156883745	CG	G	5.445232	35
1	157062640	G	A	0.501718	9.399
1	157062696	G	T	-0.124129	1.191
1	157064929	C	T	-0.158580	0.943
1	157102554	TTA	A	2.029379	19.51
1	157102556	A	TA	2.060996	19.84
1	158153996	T	C	-0.232774	0.575
1	161329330	A	G	0.294796	7.145
1	161329391	T	C	-0.248100	0.518
1	162724999	G	A	0.417510	8.573
1	164529120	G	A	2.155044	20.9
1	164789444	A	G	1.430696	15.51
1	164815807	T	C	2.217240	21.5
1	170674302	G	A	-0.151736	0.988
1	170705338	T	AT	0.192386	5.729
1	172628519	CCGC	C	0.384484	8.220
1	172630454	T	C	-0.063539	1.777
1	172633975	G	C	0.070282	3.769
1	172634734	T	C	0.175135	5.467
1	179078173	A	C	-0.088108	1.515
1	179087934	T	C	-0.016798	2.376
1	179112145	C	G	0.843206	12.19
1	179198653	T	C	0.428087	8.683
1	186644428	C	T	4.185352	30
1	193111245	GAG	G	-0.157429	0.951
1	193202306	TAT	T	-0.069237	1.713
1	198677420	T	A	-0.273669	0.436
1	198711183	C	AC	-0.114532	1.271
1	198719615	A	G	-0.172874	0.857
1	201009182	A	G	3.725653	26.0
1	201012484	C	T	1.914822	18.40
1	201016296	G	A	3.674081	25.8
1	201020105	A	G	-0.263252	0.468
1	201028466	G	A	-0.276338	0.428
1	201031672	GAGGC	C	0.173154	5.436
1	201038687	A	G	0.912928	12.69
1	201044748	A	G	-0.282109	0.412
1	201046187	AGCA	A	2.094985	20.3
1	201047075	A	G	0.468777	9.088
1	201047111	A	G	0.808131	11.92
1	201052310	AGA	TGC	1.932197	18.56
1	201052474	T	C	-0.619848	0.036
1	201058428	G	A	0.584428	10.14
1	201060865	G	A	0.595440	10.23
1	201081698	T	C	0.197604	5.807
1	201081777	C	G	0.200262	5.846
1	201083506	A	G	0.531265	9.668
1	201085160	T	C	0.043252	3.316
1	201085521	C	T	-0.105915	1.346
1	201328824	G	A	-0.004034	2.562
1	201334382	G	A	0.619372	10.43
1	201338896	T	C	0.393334	8.316
1	201341181	AGAAGT	T	1.049500	13.59
1	201341341	C	T	-0.229669	0.587
1	201981218	C	G	1.028671	13.46
1	201981862	T	C	-0.607386	0.039
1	202266607	C	T	-0.147288	1.018
1	202276494	C	T	0.290747	7.092
1	202287206	T	C	-0.092165	1.475
1	202287537	G	A	-0.217235	0.638
1	202287813	T	C	0.218220	6.107
1	202705455	G	C	0.071531	3.790
1	202715284	G	A	0.473404	9.132
1	202718202	G	A	0.178690	5.521
1	202733238	C	T	1.862308	17.94
1	203275407	C	G	1.118750	14.00
1	203281175	G	C	1.923075	18.47
1	204413297	CGG	TGA	0.947858	12.93
1	204433283	A	G	0.052282	3.466
1	204433753	C	AC	-0.112159	1.291
1	204438079	C	GC	4.377173	33
1	204438334	C	T	-0.572095	0.051
1	204438643	G	T	0.521072	9.576
1	204513656	C	TC	1.290979	14.88
1	204516025	A	G	0.377755	8.146
1	205492756	A	G	0.820944	12.02
1	205495890	CTC	C	0.925879	12.78
1	205495976	A	G	-0.535718	0.067
1	205589985	AG	G	0.154368	5.146
1	206647742	A	G	0.619016	10.43
1	206647787	T	C	0.429845	8.701
1	206905043	C	T	-0.220959	0.622
1	209933540	A	G	0.518449	9.552
1	209933757	G	C	-0.007265	2.514
1	209936466	A	G	0.111896	4.464
1	209936673	C	G	-0.014283	2.412
1	209936914	C	T	0.741573	11.41
1	209950681	T	C	0.164233	5.299
1	209950760	C	G	2.307231	22.0
1	209975386	A	G	-0.000378	2.617
1	211846876	A	G	0.405934	8.452
1	212619339	T	C	0.411092	8.506
1	214492286	G	A	1.681166	16.68
1	218578713	TTGT	T	0.072901	3.813
1	218609379	C	AC	5.418694	35
1	223283234	T	C	0.222172	6.163
1	223283910	A	G	1.176395	14.31
1	223284528	A	G	-0.949959	0.003
1	223284599	T	C	-1.088087	0.002
1	223287525	A	G	0.020689	2.946
1	223300403	T	C	0.070371	3.770
1	223300412	A	G	-0.355939	0.247
1	226019653	G	A	0.885112	12.49
1	226253926	T	C	0.024564	3.009
1	226254036	T	C	-0.071208	1.692
1	226259804	T	C	0.001141	2.640
1	226259807	T	G	-0.477648	0.103
1	226555325	A	C	-0.595192	0.043
1	226567653	TG	G	2.876580	23.4
1	226570750	G	C	-0.264395	0.464
1	226570840	T	C	0.597037	10.25
1	226923264	G	A	0.815894	11.98
1	226923505	G	T	0.157734	5.198
1	226923938	A	C	-0.012284	2.441
1	226924642	C	T	3.164010	24.0
1	226924885	CTGCCGCTGC	C	1.303913	14.94
1	227069677	T	C	0.196846	5.795
1	227069737	C	T	-0.299319	0.366
1	227071377	T	C	-0.029020	2.206
1	227071525	C	T	0.559965	9.921
1	227078955	T	C	0.184881	5.616
1	227081850	G	A	-0.293975	0.380
1	227920103	G	A	-0.211640	0.662
1	227922918	A	C	0.287327	7.047
1	227923081	G	A	0.670573	10.85
1	228199902	G	A	0.175799	5.477
1	228224824	A	G	-0.681292	0.022
1	233489529	G	A	0.280651	6.959
1	233489707	G	T	-0.374261	0.217
1	233515413	G	A	-0.365351	0.231
1	237540615	A	C	-0.075711	1.643
1	237551376	T	A	-0.231843	0.578
1	237617757	C	T	0.093538	4.160
1	237620049	T	C	-0.018933	2.346
1	237711797	A	G	-0.059062	1.829
1	237755188	C	T	-0.088512	1.511
1	237801686	G	A	0.454969	8.953
1	237801770	T	C	0.525121	9.613
1	237806616	C	TC	-0.162175	0.921
1	237824201	G	A	2.587799	22.8
1	237841390	A	G	2.496632	22.6
1	237863718	T	G	-0.213194	0.655
1	237872295	GA	A	5.660775	35
1	237881770	C	T	0.013987	2.839
1	237890437	C	T	-0.609750	0.039
1	237923053	C	T	0.262527	6.720
1	237924240	C	TC	0.250990	6.565
1	237946964	T	C	0.389970	8.280
1	237947929	TC	C	4.444794	33
1	237951451	A	G	0.429307	8.695
1	237955680	TGC	C	0.267689	6.789
1	237957146	G	A	-0.086628	1.530
1	237957161	A	G	0.249666	6.547
1	237957309	A	C	0.799238	11.86
1	241663941	C	GAC	0.149906	5.076
1	241663941	C	GAGAC	0.142196	4.954
1	243736226	A	T	4.727341	34
1	243777058	G	AG	1.561271	16.08
1	243778472	G	A	1.959994	18.82
1	244006553	CTGC	C	1.631857	16.42
1	246021941	T	C	0.472813	9.127
1	246091349	G	AG	0.024298	3.004
1	246670333	A	G	0.917017	12.72
1	246670481	C	G	1.498755	15.81
1	248842986	G	C	-0.548772	0.061
1	248852614	G	T	-0.345322	0.266
1	248852691	A	G	-0.473313	0.107
1	248855612	C	T	0.003660	2.679
1	248856365	G	A	0.121033	4.614
